,head,relation,tail,time
0,Islam Karimov,Consult,Eurasian Economic Community,2006-08-17
1,Angela Merkel,Express intent to cooperate,Cristina Fernández de Kirchner,2013-01-27
2,Media (Africa),Consult,Finance / Economy / Commerce / Trade Ministry (Namibia),2005-09-14
3,Minister Nemwang,Consult,Prachanda,2007-10-26
4,Yoon Jeung Hyun,Consult,Yoon Jeung Hyun,2010-11-09
5,City Mayor (Philippines),Make statement,Police (Philippines),2006-01-11
6,Eritrea,Accuse,Ethiopia,2015-09-15
7,Malaysia,Sign formal agreement,Laos,2008-04-03
8,Cambodia,Sign formal agreement,Thailand,2008-05-07
9,Prem Tinsulanonda,Demonstrate or rally,Prem Tinsulanonda,2007-07-26
10,Chevron,Sign formal agreement,USAID,2011-03-02
11,Cabinet / Council of Ministers / Advisors (United States),Engage in negotiation,Pham Binh Minh,2014-05-22
12,South Sudan,Engage in diplomatic cooperation,China,2012-04-09
13,Student (Tanzania),Consult,Citizen (Tanzania),2011-10-04
14,Benjamin Netanyahu,Engage in negotiation,Barack Obama,2010-06-24
15,Vietnam,Engage in diplomatic cooperation,Cambodia,2006-03-17
16,Lee Myung Bak,Express intent to engage in diplomatic cooperation (such as policy support),Energy Department/Ministry (Brazil),2008-11-19
17,Thailand,Express intent to meet or negotiate,Cambodia,2005-07-05
18,Japan,Engage in negotiation,China,2006-12-06
19,Saud bin Faisal bin Abdul-Aziz,Consult,Cabinet / Council of Ministers / Advisors (United States),2011-09-21
20,Miguel Treviño Morales,Use unconventional violence,Iván Velázquez-Caballero,2012-09-27
21,Lawyer/Attorney (Jordan),Consult,Al Sharq al Awsat,2006-03-18
22,Labor Union (Nigeria),Sign formal agreement,Government (Nigeria),2015-01-19
23,Prem Tinsulanonda,Consult,Military Personnel (Thailand),2010-02-19
24,Iran,Engage in negotiation,France,2006-09-20
25,China,Express intent to cooperate,South Korea,2007-09-14
26,Vietnam,Express intent to cooperate on intelligence,Sudan,2010-11-04
27,Gholamali Haddad Adel,Consult,Business (Iran),2006-10-27
28,Mahmoud Abbas,Engage in negotiation,Sheikh Hamad bin Isa al Khalifah,2006-09-04
29,Education Ministry (Czech Republic),Consult,Ministry (Social Democratic Party),2015-09-23
30,Vietnam,Consult,Mekong River Commission,2014-04-05
31,Israeli Defense Forces,Consult,Israeli Defense Forces,2005-11-16
32,China,Express intent to meet or negotiate,Japan,2006-07-27
33,Media Personnel (International),Consult,Media Personnel (Iran),2007-06-17
34,China,Express intent to cooperate,South Korea,2007-03-08
35,Benjamin Netanyahu,Consult,Barack Obama,2008-12-04
36,Oluṣẹgun Ọbasanjọ,Engage in negotiation,Roh Moo Hyun,2006-11-06
37,Association of Southeast Asian Nations,Consult,Japan,2013-12-12
38,Thailand,fight with small arms and light weapons,Military (Cambodia),2010-04-19
39,China,Express intent to cooperate,South Korea,2009-04-12
40,Governor (Thailand),Consult,Student (Thailand),2005-03-07
41,China,Sign formal agreement,Ma Ying Jeou,2010-04-28
42,José Miguel Insulza,Meet at a 'third' location,Garry Conille,2012-02-10
43,Laos,Express intent to cooperate,Cambodia,2008-06-12
44,Al Sharq al Awsat,Consult,Lawyer/Attorney (Jordan),2006-03-18
45,Xi Jinping,Consult,Uhuru Muigai Kenyatta,2013-08-20
46,Garry Conille,Meet at a 'third' location,José Miguel Insulza,2012-02-10
47,South Sudan,Express intent to cooperate,Sudan,2012-10-04
48,Vietnam,Express intent to cooperate,Japan,2006-06-02
49,Benjamin Netanyahu,Engage in negotiation,Catherine Ashton,2010-10-01
50,Abdul Aziz,Consult,City Mayor (Indonesia),2008-09-29
51,Government (Nigeria),Consult,Oluṣẹgun Ọbasanjọ,2014-05-13
52,Abdullah Gül,Engage in negotiation,Barack Obama,2009-04-06
53,Angela Merkel,Discuss by telephone,Barack Obama,2014-03-08
54,China,Consult,Straits Exchange Foundation,2008-06-13
55,Barack Obama,Express intent to cooperate,Angela Merkel,2015-01-27
56,United Nations Interim Administration in Kosovo,Consult,Sanda Raskovic Ivic,2005-09-21
57,Military Personnel (Thailand),Consult,Prem Tinsulanonda,2010-02-19
58,UN Security Council,Discuss by telephone,Valentin Sobolev,2008-02-18
59,Head of Government (Brazil),Consult,Ministry (Brazil),2013-07-20
60,South Korea,Sign formal agreement,Colombia,2015-04-18
61,South Korea,Engage in negotiation,Japan,2010-11-18
62,Ministry of Tourism (Tunisia),Consult,Information / Communication / Transparency Ministry (Libya),2011-08-12
63,South Korea,Express intent to meet or negotiate,Japan,2011-06-28
64,Mahmoud Abbas,Consult,Omar Suleiman,2009-05-28
65,South Korea,Consult,Xi Jinping,2009-05-05
66,Khandu Wangchuk,Express intent to cooperate,Foreign Affairs (Nepal),2005-09-08
67,Angela Merkel,Consult,Head of Government (Ukraine),2015-09-19
68,Vietnam,Express intent to cooperate,China,2006-03-23
69,Dmitry Anatolyevich Medvedev,Discuss by telephone,Mahmoud Ahmadinejad,2012-02-22
70,Court Judge (India),Consult,Ministry of Women (India),2009-09-16
71,Association of Southeast Asian Nations,Express intent to engage in diplomatic cooperation (such as policy support),China,2005-08-07
72,Xi Jinping,Sign formal agreement,Evo Morales,2013-12-20
73,Mahmoud Abbas,Consult,"Government (Palestinian Territory, Occupied)",2006-12-16
74,Iran,Consult,China,2010-12-08
75,Mahmoud Ahmadinejad,Meet at a 'third' location,Organization of Petroleum Exporting Countries,2007-11-19
76,Benjamin Netanyahu,Consult,Tony Blair,2012-11-07
77,South Sudan,Consult,Ethiopia,2012-04-26
78,Iran,Sign formal agreement,Oman,2008-12-22
79,Iran,Sign formal agreement,Iraq,2007-12-28
80,Dmitry Anatolyevich Medvedev,Consult,Arseniy Yatsenyuk,2014-03-01
81,Japan,Engage in diplomatic cooperation,Vietnam,2006-11-10
82,Oman,Consult,Tzipi Livni,2007-09-26
83,Japan,Consult,China,2007-07-05
84,Abdullah Gül,Consult,UN Security Council,2009-06-30
85,China,Express intent to cooperate,Vietnam,2005-11-03
86,Benazir Bhutto,Meet at a 'third' location,Pervez Musharraf,2007-08-11
87,Industry (Turkey),Consult,Mehmet Agar,2006-10-11
88,Tzipi Livni,Meet at a 'third' location,Mahmoud Abbas,2014-05-18
89,China,Express intent to cooperate,Vietnam,2006-03-23
90,Government (Nigeria),Sign formal agreement,Labor Union (Nigeria),2015-01-19
91,Lawyer/Attorney (United States),Engage in negotiation,Achmad Sukarno,2006-01-24
92,Attorney General (Argentina),Consult,Daniel Scioli,2013-03-13
93,Malaysia,Sign formal agreement,China,2008-05-03
94,China,Express intent to cooperate,Japan,2009-01-07
95,Citizen (Africa),Express intent to meet or negotiate,Portugal,2010-04-21
96,Media (Africa),Consult,Pokot,2015-03-27
97,Vietnam,Engage in diplomatic cooperation,China,2009-04-20
98,A.K. Antony,Consult,Shivshankar Menon,2009-04-23
99,Straits Exchange Foundation,Engage in negotiation,China,2009-12-03
100,Citizen (Nigeria),Make an appeal or request,Government (Nigeria),2015-07-16
101,Royal Thai Police,Consult,Internal Security Operations Command,2013-02-23
102,South Korea,Express intent to cooperate,China,2012-05-13
103,Oodua Peoples Congress,Use unconventional violence,Citizen (Benin),2014-12-23
104,Abdel Fattah Al-Sisi,Consult,Head of Government (India),2015-10-03
105,Benjamin Netanyahu,Engage in negotiation,Barack Obama,2011-05-24
106,Daniel Scioli,Consult,Senate (Argentina),2015-04-14
107,Chuck Hagel,Consult,Fan Changlong,2014-04-08
108,Mohammad Zia-ul-Haq,Consult,Central Intelligence Agency,2012-04-28
109,Qatar,Consult,France,2008-09-04
110,Japan,Express intent to meet or negotiate,China,2006-07-27
111,Alberto Fujimori,Consult,Japan,2005-11-17
112,Cambodia,Consult,Laos,2008-10-23
113,Student (Thailand),Consult,Governor (Thailand),2005-03-07
114,China,Express intent to cooperate,Angola,2009-09-01
115,Pervez Musharraf,Consult,Envoy (United States),2007-09-13
116,Citizen (Nigeria),Express intent to cooperate,Government (Nigeria),2015-02-26
117,Thailand,Use conventional military force,Military (Cambodia),2008-10-15
118,Japan,Engage in diplomatic cooperation,China,2007-11-20
119,Japan,Consult,Association of Southeast Asian Nations,2013-12-12
120,Japan,Express intent to meet or negotiate,China,2005-05-27
121,Nabih Berri,Consult,Sheikh Ahmed Abdullah,2006-12-17
122,Envoy (United States),Consult,Grigol Vashadze,2009-09-23
123,China,Consult,Japan,2007-07-05
124,Japan,Engage in negotiation,South Korea,2010-11-18
125,Iraq,Consult,Iran,2007-09-03
126,South Sudan,Use conventional military force,Sudan,2012-04-19
127,Media (Africa),Consult,Jerry Ekandjo,2008-05-13
128,USAID,Sign formal agreement,Justice Department/Ministery (Ukraine),2006-06-06
129,Kuwait,Engage in diplomatic cooperation,China,2009-05-05
130,Yu Zhengsheng,Consult,Lawmaker (Japan),2015-03-23
131,Japan,Engage in diplomatic cooperation,China,2005-06-02
132,Citizen (Australia),Make an appeal or request,Police (Australia),2008-01-21
133,Association of Southeast Asian Nations,Engage in negotiation,South Korea,2010-12-30
134,Romania,Engage in negotiation,China,2013-11-25
135,China,Engage in diplomatic cooperation,Vietnam,2009-04-20
136,France,Express intent to engage in diplomatic cooperation (such as policy support),China,2008-06-14
137,Barack Obama,Consult,Benjamin Netanyahu,2009-05-05
138,China,Engage in negotiation,Japan,2006-12-06
139,China,Express intent to cooperate,Japan,2005-09-05
140,Central Intelligence Agency,Consult,Mohammad Zia-ul-Haq,2012-04-28
141,Association of Southeast Asian Nations,Express intent to meet or negotiate,Japan,2005-09-29
142,China,Consult,Kazakhstan,2007-07-03
143,Benjamin Netanyahu,Consult,Barack Obama,2009-05-05
144,South Korea,Consult,China,2008-10-31
145,Head of Government (Egypt),Consult,Haider Al-Abadi,2015-12-07
146,Abdullah Gül,Engage in negotiation,Barack Obama,2009-10-18
147,Cambodia,Express intent to cooperate,Japan,2013-12-16
148,Mahmoud Abbas,Engage in negotiation,Benjamin Netanyahu,2015-10-23
149,Cambodia,Consult,Malaysia,2006-09-13
150,China,Sign formal agreement,Japan,2008-12-06
151,Japan,Express intent to cooperate,Malaysia,2015-05-25
152,Lee Myung Bak,Express intent to engage in diplomatic cooperation (such as policy support),Barack Obama,2008-11-11
153,China,Consult,Kazakhstan,2006-11-22
154,Business (Iran),Consult,Gholamali Haddad Adel,2006-10-27
155,Ministry (Social Democratic Party),Consult,Education Ministry (Czech Republic),2015-09-23
156,International Government Organizations,Consult,Labor Union (Kyrgyzstan),2005-12-24
157,Head of Government (Pakistan),Consult,Pervez Musharraf,2006-11-11
158,Thailand,Express intent to meet or negotiate,Cabinet / Council of Ministers / Advisors (Thailand),2015-05-26
159,China,Engage in diplomatic cooperation,Sudan,2013-03-04
160,Tony Blair,Consult,Benjamin Netanyahu,2012-11-07
161,Zhang Dejiang,Consult,Lawmaker (Japan),2014-05-06
162,Head of Government (Turkmenistan),Consult,South Korea,2014-06-16
163,Japan,Sign formal agreement,China,2009-05-22
164,Gurbanguly Berdymukhammedov,Consult,Mikhail Yefimovich Fradkov,2007-02-15
165,Cabinet / Council of Ministers / Advisors (United States),Engage in negotiation,Wen Jiabao,2005-08-01
166,UN Security Council,Consult,Abdullah Gül,2009-06-30
167,Lawmaker (Japan),Consult,Yu Zhengsheng,2015-03-23
168,Malaysia,Engage in negotiation,Cambodia,2008-06-19
169,Ministry (Nigeria),Consult,Emmanuel Eweta Uduaghan,2013-03-18
170,Iran,Engage in diplomatic cooperation,Vietnam,2013-04-15
171,Head of Government (Turkmenistan),Sign formal agreement,Iran Khodro Company,2007-06-16
172,Japan,Consult,China,2007-11-21
173,China,Express intent to cooperate,Japan,2005-04-18
174,Cambodia,Engage in diplomatic cooperation,Vietnam,2006-03-17
175,Raúl Castro,Consult,Barack Obama,2015-04-15
176,South Korea,Express intent to cooperate,China,2007-03-08
177,China,Engage in negotiation,Kuomintang,2005-04-30
178,France,Engage in negotiation,Iran,2006-09-20
179,Head of Government (Qatar),Consult,Ali Abdullah Saleh,2010-09-08
180,China,Engage in diplomatic cooperation,Kuwait,2009-05-05
181,The Daily News (South Africa),Consult,Police (South Africa),2008-02-25
182,Labor Union (Kyrgyzstan),Consult,International Government Organizations,2005-12-24
183,Mahmoud Abbas,Meet at a 'third' location,Tzipi Livni,2014-05-18
184,Media (Africa),Consult,Citizen (Sudan),2014-04-08
185,Mahmoud Ahmadinejad,Express intent to meet or negotiate,Iraq,2008-02-25
186,China,Consult,Japan,2007-11-21
187,Evo Morales,Sign formal agreement,Xi Jinping,2013-12-20
188,China,Sign formal agreement,South Korea,2009-12-16
189,Freundel Jerome Stuart,Engage in symbolic act,Freundel Jerome Stuart,2011-11-10
190,Thanong Bidaya,Consult,Japan,2005-04-26
191,Information / Communication / Transparency Ministry (Libya),Consult,Ministry of Tourism (Tunisia),2011-08-12
192,Mahmoud Abbas,Consult,Barack Obama,2010-06-02
193,Vietnam,Engage in diplomatic cooperation,France,2010-01-26
194,Japan,Engage in diplomatic cooperation,China,2008-06-30
195,Cabinet / Council of Ministers / Advisors (United States),Host a visit,China,2014-02-14
196,Cambodia,Express intent to cooperate,Laos,2007-01-22
197,Dmitry Anatolyevich Medvedev,Consult,Angela Merkel,2010-07-15
198,Head of Government (Pakistan),Consult,Umar Farooq,2006-01-03
199,Student (Iran),Consult,Education (Iran),2009-10-04
200,Tom Marsters,Engage in negotiation,Jim Marurai,2005-03-21
201,Emperor Akihito,Consult,Paramount Ruler Sirajuddin,2005-03-07
202,UN Security Council,Sign formal agreement,Iran,2015-07-31
203,Conservative Party (Germany),Consult,Angela Merkel,2005-12-05
204,Japan,Express intent to cooperate,China,2007-08-27
205,Bolivia,Express intent to meet or negotiate,Daniel Ortega,2007-04-27
206,Muhammad VI,Make statement,Macky Sall,2013-03-19
207,Japan,Express intent to cooperate,Vietnam,2006-06-02
208,Grigol Vashadze,Consult,Envoy (United States),2009-09-23
209,Barack Obama,Consult,Other Authorities / Officials (Turkey),2014-10-20
210,Cambodia,Consult,Thailand,2005-07-04
211,China,Consult,Japan,2008-10-03
212,Admiral (Iran),Consult,Mehr News Agency,2010-10-05
213,Saud bin Faisal bin Abdul-Aziz,Consult,Nabil Shaath,2006-07-03
214,Member of Parliament (Bangladesh),Consult,Cabinet / Council of Ministers / Advisors (Bangladesh),2012-01-26
215,China,Consult,South Africa,2008-07-09
216,Tony Blair,Consult,Wen Jiabao,2005-09-05
217,Mikhail Yefimovich Fradkov,Consult,Gurbanguly Berdymukhammedov,2007-02-15
218,Head of Government (Chad),Consult,African Union,2005-12-27
219,Japan,Express intent to cooperate,South Korea,2006-07-03
220,Police (Tanzania),Consult,Ministry (Tanzania),2010-12-15
221,Head of Government (Chile),Consult,Wen Jiabao,2008-04-13
222,Head of Government (Belarus),Express intent to meet or negotiate,Eurasian Economic Community,2006-10-20
223,Thailand,Consult,Cambodia,2008-08-02
224,Dmitry Anatolyevich Medvedev,Consult,Serik Akhmetov,2013-11-20
225,South Korea,Express intent to meet or negotiate,China,2012-05-10
226,Thailand,fight with small arms and light weapons,Military (Myanmar),2007-03-23
227,Japan,Sign formal agreement,Mexico,2006-03-20
228,Angela Merkel,Express intent to cooperate,Barack Obama,2015-09-23
229,Mahmoud Abbas,Express intent to meet or negotiate,Tony Blair,2007-07-23
230,China,Express intent to meet or negotiate,South Korea,2006-03-24
231,Sudan,Consult,Iran,2005-01-27
232,China,Express intent to meet or negotiate,Japan,2005-12-08
233,Al Jazeera,Consult,Police (Syria),2011-09-06
234,Thailand,Consult,China,2006-01-13
235,Representatives (Yemen),Consult,Yemen,2008-03-21
236,Citizen (Brazil),Express intent to meet or negotiate,Member of Parliament (Brazil),2012-03-01
237,Mahmoud Abbas,Consult,Abdullah Gül,2007-05-16
238,Mehr News Agency,Consult,Admiral (Iran),2010-10-05
239,Umaru Musa Yar'Adua,Consult,Senate (Saudi Arabia),2010-02-05
240,Angela Merkel,Engage in negotiation,Barack Obama,2014-06-04
241,Frank Bainimarama,Consult,Prime Minister Chaudhry,2008-07-24
242,Rafael Correa,Make statement,Colombia,2008-03-04
243,UN Security Council,Engage in negotiation,Iran,2014-05-30
244,Citizen (Sudan),Express intent to cooperate,Government (Sudan),2011-06-29
245,Mauritania,Sign formal agreement,Kuwait,2006-08-02
246,China,Engage in diplomatic cooperation,Japan,2015-03-27
247,Iran,Engage in diplomatic cooperation,Iraq,2008-06-09
248,Head of Government (India),Consult,Labor Union (India),2015-01-12
249,Norwegian Church Aid,Sign formal agreement,Ministry of International Cooperation (Sudan),2006-08-29
250,Japan,Cooperate economically,Colombia,2012-09-25
251,Japan,Consult,South Korea,2011-05-14
252,Kuwait,Sign formal agreement,Mauritania,2006-08-02
253,Education Ministry (Algeria),Consult,Representatives (Algeria),2014-11-17
254,Association of Southeast Asian Nations,Sign formal agreement,China,2009-07-09
255,South Korea,Consult,Japan,2011-05-14
256,Vietnam,Express intent to settle dispute,China,2015-03-11
257,South Korea,Consult,China,2013-12-18
258,China,Express intent to cooperate,Japan,2007-08-27
259,Chaudhry Nisar Ali Khan,Consult,Ishaq Dar,2012-02-24
260,Edgars Rinkevics,Consult,Giorgi Kvirikashvili,2015-09-29
261,The Hague,Deny responsibility,The Hague,2005-03-03
262,Japan,Consult,Somsavat Lengsava,2005-08-01
263,China,Engage in negotiation,Cabinet / Council of Ministers / Advisors (United States),2012-05-07
264,South Korea,Make statement,France,2005-12-06
265,Undersecretary (United States),Consult,Shivshankar Menon,2008-02-29
266,The Sunday Times,Consult,Tony Blair,2007-02-16
267,China,Consult,Mexico,2008-07-02
268,Media (India),Consult,Election Commission (India),2010-11-02
269,Japan,Express intent to cooperate,China,2006-07-21
270,Oman,Consult,Iran,2014-03-12
271,Envoy (United States),Engage in negotiation,Iraq,2005-10-11
272,Head of Government (Egypt),Consult,Nicos Anastasiades,2015-12-10
273,African Union,Sign formal agreement,Government (Sudan),2007-04-10
274,Police (New Zealand),Consult,Police (Australia),2014-12-11
275,Media (India),Consult,Planning Commission (India),2009-05-19
276,Ethiopia,Consult,Sudan,2005-12-29
277,Foreign Affairs (Slovakia),Consult,Foreign Affairs (Israel),2009-03-03
278,Government (Sudan),Express intent to cooperate,Citizen (Sudan),2011-06-29
279,Thailand,Sign formal agreement,Malaysia,2006-04-14
280,Barack Obama,Engage in negotiation,Angela Merkel,2014-06-04
281,Kazakhstan,Consult,China,2007-07-03
282,China,Express intent to cooperate,South Korea,2015-12-22
283,Nicos Anastasiades,Consult,Head of Government (Egypt),2015-12-10
284,Foreign Affairs (Romania),Consult,Foreign Affairs (Singapore),2010-04-04
285,UN Security Council,Make an appeal or request,Eritrea,2008-05-01
286,South Korea,Engage in negotiation,Japan,2005-11-11
287,China,Sign formal agreement,South Korea,2008-01-31
288,France,Consult,Qatar,2008-09-04
289,Thailand,Express intent to cooperate,Agence France-Presse,2005-09-04
290,Ishaq Dar,Consult,Chaudhry Nisar Ali Khan,2012-02-24
291,Barack Obama,Consult,Benjamin Netanyahu,2008-12-04
292,Colombia,Express intent to engage in diplomatic cooperation (such as policy support),South Korea,2011-05-31
293,Foreign Affairs (Israel),Consult,Foreign Affairs (Slovakia),2009-03-03
294,South Korea,"Declare truce, ceasefire",China,2007-01-14
295,Vietnam,Express intent to cooperate,China,2007-12-03
296,Foreign Affairs (Romania),Express intent to meet or negotiate,Legislature (Romania),2006-08-29
297,Cabinet / Council of Ministers / Advisors (United States),Engage in negotiation,China,2012-05-07
298,Mahmoud Abbas,Consult,Omar Suleiman,2005-12-22
299,National Lawyers Guild,Consult,Vietnam,2009-06-17
300,China,Engage in negotiation,Japan,2006-12-18
301,Vietnam,Express intent to cooperate,China,2005-11-03
302,Dimeji Bankole,Consult,Member of Legislative (Govt) (Nigeria),2008-01-17
303,Grand National Party,Consult,Democratic Party,2009-12-23
304,South Korea,Consult,China,2006-01-05
305,Abdel Fattah Al-Sisi,Consult,Ministry (Egypt),2015-04-22
306,Angela Merkel,Consult,Dmitry Anatolyevich Medvedev,2010-07-15
307,Legislature (Romania),Consult,Senate (Romania),2012-08-27
308,China,Halt negotiations,Association of Southeast Asian Nations,2009-04-16
309,Barack Obama,Consult,Mahmoud Abbas,2012-03-20
310,Benjamin Netanyahu,Consult,Barack Obama,2015-09-02
311,Tony Blair,Consult,Mahmoud Abbas,2010-10-22
312,Israeli Defense Forces,Consult,Shimon Peres,2011-08-17
313,City Mayor (Iraq),Make statement,Iraq,2014-02-22
314,China,Engage in negotiation,Envoy (United States),2010-02-25
315,Foreign Affairs (Israel),Consult,Foreign Affairs (South Africa),2012-12-07
316,Malaysia,Sign formal agreement,Japan,2006-08-02
317,Elmar Mammadyarov,Consult,Elmar Mammadyarov,2005-01-28
318,Human Rights Watch,Consult,Manuel Villar,2010-04-26
319,South Korea,Engage in diplomatic cooperation,Japan,2014-09-04
320,Jim Marurai,Engage in negotiation,Tom Marsters,2005-03-21
321,Iraq,Sign formal agreement,Iran,2007-12-28
322,China,Consult,Japan,2013-11-14
323,China,Consult,Japan,2007-01-12
324,UN Security Council,Consult,Vuk Jeremić,2008-02-19
325,Iran,Express intent to meet or negotiate,France,2013-02-23
326,Japan,Consult,Media Personnel (Japan),2006-07-04
327,Ashraf Ghani Ahmadzai,Consult,Associated Press,2014-04-03
328,Rodrigo Rivera Salazar,Consult,China,2010-09-06
329,Labor Union (India),Consult,Head of Government (India),2015-01-12
330,Daniel Ortega,Express intent to meet or negotiate,Bolivia,2007-04-27
331,National Liberation Army,Make statement,Guerrilla (Colombia),2011-08-04
332,China,Express intent to cooperate,Japan,2006-07-21
333,Military (Myanmar),Use conventional military force,Thailand,2007-03-27
334,Thailand,Sign formal agreement,Cambodia,2008-05-07
335,Association of Southeast Asian Nations,Express intent to meet or negotiate,Chuck Hagel,2014-03-14
336,Ministry (Brazil),Consult,Head of Government (Brazil),2013-07-20
337,China,Sign formal agreement,France,2015-07-27
338,Japan,Express intent to cooperate,South Korea,2006-09-12
339,Police (Australia),Make statement,Lawyer/Attorney (Australia),2005-07-01
340,Grand National Party,Consult,Supreme Council (South Korea),2011-09-23
341,Iraq,Engage in negotiation,Foreign Affairs (France),2015-06-29
342,Ali Abdullah Saleh,Engage in negotiation,Benjamin Netanyahu,2009-10-04
343,African Union,Engage in negotiation,Cabinet / Council of Ministers / Advisors (United States),2005-06-03
344,France,Sign formal agreement,Togo,2007-04-04
345,Head of Government (Pakistan),Consult,Ministry (Iran),2013-02-20
346,Royal Administration (Saudi Arabia),Express intent to cooperate,Barack Obama,2010-07-01
347,Foreign Affairs (Israel),Consult,Aigars Kalvitis,2006-07-13
348,Association of Southeast Asian Nations,Sign formal agreement,China,2006-03-11
349,Abdullah Gül,Consult,Mahmoud Abbas,2012-03-01
350,Head of Government (Egypt),Consult,Cabinet / Council of Ministers / Advisors (United States),2014-09-23
351,Japan,Consult,China,2013-11-14
352,Cristina Fernández de Kirchner,Discuss by telephone,Xi Jinping,2014-10-29
353,Associated Press,Consult,Human Rights Watch,2010-07-23
354,Cambodia,Express intent to meet or negotiate,China,2008-03-30
355,South Korea,Consult,China,2007-07-16
356,China,Engage in negotiation,South Korea,2014-10-21
357,Japan,Express intent to engage in diplomatic cooperation (such as policy support),China,2010-12-11
358,David Crisafulli,Consult,City Mayor (Australia),2014-02-20
359,Angela Merkel,Consult,Conservative Party (Germany),2005-12-05
360,Mahmoud Abbas,Consult,Envoy (United States),2005-04-21
361,Japan,Sign formal agreement,Malaysia,2006-08-02
362,Muhammadu Buhari,Sign formal agreement,Niger,2015-07-31
363,Agence France-Presse,Express intent to cooperate,Thailand,2005-09-04
364,Democratic Party,Consult,Member of Legislative (Govt) (South Korea),2010-11-08
365,City Mayor (Australia),Consult,David Crisafulli,2014-02-20
366,Iraq,Discuss by telephone,Mahmoud Ahmadinejad,2007-04-29
367,Daniel Scioli,Consult,Attorney General (Argentina),2013-03-13
368,Barack Obama,Consult,African Union,2013-06-30
369,South Korea,Express intent to cooperate,Japan,2006-09-12
370,Japan,Express intent to cooperate,China,2008-07-22
371,Sheikh Hamad bin Khalifa al-Thani,Consult,Ali Abdullah Saleh,2011-01-28
372,Sudan,Use conventional military force,South Sudan,2012-04-19
373,China,Host a visit,Cabinet / Council of Ministers / Advisors (United States),2014-02-14
374,Laos,Sign formal agreement,Malaysia,2008-04-03
375,Ministry of Women (India),Consult,Court Judge (India),2009-09-16
376,China,Express intent to meet or negotiate,Cambodia,2008-03-30
377,Japan,Consult,China,2006-02-14
378,Nuri al-Maliki,Consult,Party Member (Iraq),2008-10-13
379,Hannes Swoboda,Consult,City Mayor (Croatia),2014-05-20
380,Daily Trust,Consult,Other Authorities / Officials (Nigeria),2005-08-08
381,Head of Government (India),Share intelligence or information,Thailand,2013-05-31
382,Police (South Africa),Consult,The Daily News (South Africa),2008-02-25
383,Grigol Vashadze,Consult,Grigol Vashadze,2008-08-30
384,High Ranking Military Personnel (Pakistan),Consult,Chaudhry Nisar Ali Khan,2014-03-21
385,South Korea,Consult,Mexico,2015-08-11
386,China,Discuss by telephone,Associated Press,2005-10-11
387,Catherine Ashton,Consult,Mahmoud Abbas,2011-10-05
388,Ed Royce,Consult,Ma Ying Jeou,2015-03-13
389,Alexander Vershbow,Consult,Nasser Judeh,2012-06-22
390,Media (Africa),Consult,Head of Government (Kenya),2011-02-23
391,Somsavat Lengsava,Consult,Japan,2005-08-01
392,Iran,Consult,Barack Obama,2013-09-17
393,Djibouti,Sign formal agreement,Yemen,2006-05-09
394,Iran,Consult,Sudan,2005-01-27
395,Iraq,Sign formal agreement,Iran,2005-10-05
396,Vietnam,Engage in diplomatic cooperation,Cambodia,2008-03-24
397,Togo,Sign formal agreement,France,2007-04-04
398,Vietnam,Express intent to engage in diplomatic cooperation (such as policy support),Thailand,2012-10-25
399,Oluṣẹgun Ọbasanjọ,Make an appeal or request,Head of Government (Nigeria),2006-05-03
400,Sudan,Express intent to cooperate,South Sudan,2013-09-11
401,Finance / Economy / Commerce / Trade Ministry (Namibia),Consult,Media (Africa),2005-09-14
402,United Russia,Consult,Dmitry Anatolyevich Medvedev,2010-06-23
403,Iraq,Consult,Royal Administration (Saudi Arabia),2006-10-14
404,Justice Department/Ministery (Ukraine),Sign formal agreement,USAID,2006-06-06
405,Iran,Sign formal agreement,UN Security Council,2015-07-31
406,Benjamin Netanyahu,"Reject proposal to meet, discuss, or negotiate",Barack Obama,2015-01-26
407,Japan,Express intent to meet or negotiate,South Korea,2008-03-30
408,Japan,Sign formal agreement,China,2008-05-10
409,Mexico,Consult,China,2008-07-02
410,Tzipi Livni,Engage in symbolic act,Abdullah Gül,2006-05-29
411,China,Consult,South Korea,2010-05-07
412,China,Consult,Japan,2010-05-07
413,Barack Obama,Express intent to cooperate,Angela Merkel,2015-09-23
414,Iran,Consult,Thailand,2005-11-26
415,Shimon Peres,Express intent to meet or negotiate,Barack Obama,2011-04-03
416,Agriculture / Fishing / Forestry Ministry (Laos),Consult,Agriculture / Fishing / Forestry Ministry (Vietnam),2007-08-28
417,Isaias Afewerki,Consult,Yemen,2010-10-22
418,Sergey Vladilenovich Kiriyenko,Engage in negotiation,Iran,2006-09-25
419,Rebel Group (Tanzania),Express intent to meet or negotiate,Government (Sudan),2007-07-19
420,Member of Legislative (Govt) (Nigeria),Consult,Dimeji Bankole,2008-01-17
421,China,Sign formal agreement,Japan,2008-05-10
422,Japan,Express intent to engage in diplomatic cooperation (such as policy support),China,2007-02-23
423,China,Consult,Rodrigo Rivera Salazar,2010-09-06
424,Foreign Affairs (Mauritania),Sign formal agreement,Abderrahim Ould Hadrami,2007-09-28
425,Portugal,Express intent to meet or negotiate,Citizen (Africa),2010-04-21
426,Likud,Consult,Benjamin Netanyahu,2015-11-03
427,Benjamin Netanyahu,Engage in negotiation,Wang Yi,2013-12-17
428,Government (Nigeria),Sign formal agreement,Labor Union (Nigeria),2013-08-12
429,African Union,Consult,UN Security Council,2005-01-10
430,South Korea,Express intent to cooperate,Japan,2005-12-26
431,Yemen,Sign formal agreement,Djibouti,2006-05-09
432,Head of Government (Mongolia),Consult,Xiao Yang,2006-04-06
433,Boko Haram,Use conventional military force,Government (Nigeria),2015-10-14
434,Macky Sall,Make statement,Muhammad VI,2013-03-19
435,Japan,Express intent to cooperate,China,2005-09-05
436,Cambodia,Express intent to meet or negotiate,Laos,2006-12-01
437,China,Sign formal agreement,Japan,2008-11-04
438,Japan,Consult,China,2008-10-03
439,China,Engage in negotiation,Straits Exchange Foundation,2009-12-03
440,Xi Jinping,Discuss by telephone,Cristina Fernández de Kirchner,2014-10-29
441,China,Consult,South Korea,2007-07-16
442,Maldives,Sign formal agreement,China,2015-04-22
443,Sheikh Hamad bin Isa al Khalifah,Engage in negotiation,Mahmoud Abbas,2006-09-04
444,United Arab Emirates,Consult,Qatar,2014-08-25
445,China,Consult,Cambodia,2015-05-04
446,Government (Nigeria),Consult,Labor Union (Nigeria),2015-09-07
447,Radoslaw Sikorski,Consult,Ministry (Afghanistan),2008-07-14
448,William Ruto,Consult,Uhuru Muigai Kenyatta,2006-12-20
449,Media (Africa),Consult,Professor (France),2015-12-02
450,Laos,Express intent to cooperate,Cambodia,2007-01-22
451,Head of Government (India),Engage in negotiation,Tariq Aziz,2005-10-26
452,Lesotho,Consult,South Africa,2005-08-01
453,Head of Government (Ukraine),Consult,Angela Merkel,2015-09-19
454,Lawmaker (Japan),Consult,Zhang Dejiang,2014-05-06
455,Government Official (Taiwan),Consult,Businessperson (Taiwan),2006-07-28
456,Mahmoud Abbas,Consult,Catherine Ashton,2011-10-05
457,South Korea,Consult,China,2012-12-06
458,China,Express intent to cooperate,South Africa,2014-11-16
459,Qatar,Sign formal agreement,Thailand,2010-05-13
460,Mahmoud Ahmadinejad,Engage in negotiation,Bolivia,2012-06-20
461,Thailand,Consult,Cambodia,2005-07-04
462,Japan,Express intent to cooperate,Cambodia,2013-12-16
463,Colombia,Consult,Mexico,2013-05-23
464,Japan,Express intent to engage in diplomatic cooperation (such as policy support),South Korea,2012-05-11
465,Kuomintang,Engage in negotiation,Eric Chu,2015-05-08
466,Japan,Engage in negotiation,South Korea,2005-11-11
467,China,Sign formal agreement,Association of Southeast Asian Nations,2014-11-13
468,Abhisit Vejjajiva,"Reject plan, agreement to settle dispute",Citizen (Thailand),2010-03-29
469,South Korea,Consult,China,2010-05-07
470,Xi Jinping,Consult,South Korea,2009-05-05
471,Ethiopia,Accuse,Eritrea,2015-09-15
472,Media Personnel (Pakistan),Sign formal agreement,Government (Pakistan),2014-05-22
473,Angela Merkel,Consult,Abdullah Gül,2005-11-24
474,Angela Merkel,Engage in negotiation,Barack Obama,2013-06-11
475,Kazakhstan,Consult,Iran,2015-02-02
476,Foreign Affairs (India),Consult,Sher Bahadur Deuba,2015-09-19
477,Wang Yi,Consult,Foreign Affairs (Malaysia),2013-08-28
478,Foreign Affairs (Malaysia),Consult,Wang Yi,2013-08-28
479,Japan,Criticize or denounce,China,2005-04-13
480,Thailand,Consult,Laos,2012-07-01
481,Mahmoud Abbas,Consult,Tony Blair,2010-10-22
482,Benjamin Netanyahu,Engage in negotiation,Ali Abdullah Saleh,2009-10-04
483,Iraq,Express intent to meet or negotiate,Mahmoud Ahmadinejad,2008-02-25
484,Other Authorities / Officials (Nigeria),Consult,Daily Trust,2005-08-08
485,Japan,Express intent to meet or negotiate,China,2007-02-15
486,Eurasian Economic Community,Express intent to meet or negotiate,Head of Government (Belarus),2006-10-20
487,Noppadon Pattama,Consult,Charge D'affaires (Saudi Arabia),2008-03-07
488,Laos,Express intent to meet or negotiate,Thailand,2005-07-05
489,Envoy (United States),Engage in negotiation,Benjamin Netanyahu,2010-08-11
490,China,Sign formal agreement,Maldives,2015-04-22
491,Umar Farooq,Consult,Head of Government (Pakistan),2006-01-03
492,Government (Nigeria),Use conventional military force,Boko Haram,2015-10-14
493,Barack Obama,Engage in negotiation,Benjamin Netanyahu,2011-05-24
494,Japan,Criticize or denounce,South Korea,2006-08-28
495,Japan,Express intent to cooperate,China,2006-02-07
496,South Korea,Engage in negotiation,China,2014-10-21
497,China,Consult,Japan,2006-05-18
498,Foreign Affairs (India),Consult,China,2015-02-23
499,Shivshankar Menon,Consult,A.K. Antony,2009-04-23
500,South Korea,Sign formal agreement,Vietnam,2006-06-21
501,Tony Blair,Consult,The Sunday Times,2007-02-16
502,Nuri al-Maliki,Express intent to meet or negotiate,Iraq,2011-01-03
503,China,Engage in diplomatic cooperation,Japan,2006-11-18
504,Sanda Raskovic Ivic,Consult,United Nations Interim Administration in Kosovo,2005-09-21
505,Japan,Consult,Thanong Bidaya,2005-04-26
506,Oman,Engage in diplomatic cooperation,Middle East,2008-04-22
507,Justicialist Party,Express intent to cooperate,Cristina Fernández de Kirchner,2014-04-17
508,Angela Merkel,Express intent to cooperate,Barack Obama,2015-01-27
509,South Korea,Express intent to cooperate,China,2011-08-28
510,Democratic Party,Consult,Grand National Party,2009-12-23
511,Japan,Engage in diplomatic cooperation,China,2006-11-18
512,Associated Press,Discuss by telephone,China,2005-10-11
513,Pervez Musharraf,Express intent to cooperate,Shaukat Aziz,2005-07-30
514,South Africa,Consult,China,2008-07-09
515,Dmitry Anatolyevich Medvedev,Consult,United Russia,2010-06-23
516,Labor Union (Nigeria),Sign formal agreement,Government (Nigeria),2011-02-04
517,Iran,Consult,Oman,2014-03-12
518,Aceh,Express intent to meet or negotiate,Aceh,2005-05-16
519,Foreign Affairs (Nepal),Express intent to cooperate,Khandu Wangchuk,2005-09-08
520,Iran,Consult,Islamic Preacher (Iran),2013-11-13
521,Military (Cambodia),Use conventional military force,Thailand,2008-10-15
522,Planning Commission (India),Consult,Media (India),2009-05-19
523,Yerlan Idrisov,Consult,Envoy (United States),2012-10-04
524,Head of Government (Egypt),Consult,Benjamin Netanyahu,2012-11-19
525,Anna Fotyga,Engage in negotiation,Ministry (Poland),2008-07-04
526,Iran,Engage in diplomatic cooperation,Iraq,2014-02-19
527,Abdullah Gül,Sign formal agreement,Dmitry Anatolyevich Medvedev,2009-02-14
528,Japan,Express intent to meet or negotiate,Mexico,2012-01-27
529,Police (Syria),Consult,Al Jazeera,2011-09-06
530,African Union,Consult,Head of Government (Chad),2005-12-27
531,Japan,Engage in diplomatic cooperation,China,2014-11-11
532,Legislature (Romania),Consult,Senate (Romania),2015-11-16
533,China,Engage in diplomatic cooperation,Japan,2007-11-20
534,Thailand,Sign formal agreement,Malaysia,2013-01-10
535,Barack Obama,Express intent to cooperate,Royal Administration (Saudi Arabia),2010-07-01
536,Citizen (Nigeria),Make an appeal or request,Government (Nigeria),2011-07-04
537,Laos,Consult,Cambodia,2008-11-10
538,Benjamin Netanyahu,Consult,Police (Israel),2014-06-14
539,Giorgi Kvirikashvili,Consult,Edgars Rinkevics,2015-09-29
540,Cambodia,Engage in diplomatic cooperation,China,2012-05-28
541,Rashid Gumarovich Nurgaliyev,Express intent to meet or negotiate,Dmitry Anatolyevich Medvedev,2007-06-01
542,Vietnam,Engage in diplomatic cooperation,Iran,2013-04-15
543,Association of Southeast Asian Nations,Express intent to cooperate,China,2013-07-01
544,Labor Union (Nigeria),Sign formal agreement,Government (Nigeria),2013-08-12
545,South Korea,Consult,Defense / Security Ministry (United States),2006-10-18
546,Foreign Affairs (South Africa),Consult,Foreign Affairs (Israel),2012-12-07
547,Abdullah Gül,Consult,Mahmoud Abbas,2007-05-16
548,Vietnam,Consult,Japan,2005-12-02
549,China,Make statement,South Korea,2011-07-15
550,Al Jazeera,Consult,Media Personnel (China),2008-04-26
551,Other Authorities / Officials (Nigeria),Consult,Chevron,2010-08-04
552,The Chronicle,Consult,New Patriotic Party,2010-04-19
553,Ministry (Poland),Engage in negotiation,Anna Fotyga,2008-07-04
554,Association of Southeast Asian Nations,Sign formal agreement,China,2014-11-13
555,Yemen,Consult,China,2009-04-19
556,China,Express intent to engage in diplomatic cooperation (such as policy support),Japan,2010-12-11
557,Abdullah Gül,Consult,Qabus ibn Sa`id,2010-04-14
558,Iran,Meet at a 'third' location,Kuwait,2005-04-30
559,Japan,Consult,China,2010-05-07
560,Benjamin Netanyahu,Consult,Dmitry Anatolyevich Medvedev,2010-12-04
561,Envoy (United States),Consult,Pervez Musharraf,2007-09-13
562,Association of Southeast Asian Nations,Halt negotiations,China,2009-04-16
563,Colombia,Sign formal agreement,Guatemala,2007-08-13
564,Head of Government (Nigeria),Make an appeal or request,Oluṣẹgun Ọbasanjọ,2006-05-03
565,Jack Straw,Sign formal agreement,Abdullah Gül,2005-10-09
566,Grand National Party,Consult,Business (South Korea),2010-11-03
567,Uhuru Muigai Kenyatta,Consult,Xi Jinping,2013-08-20
568,South Korea,Express intent to meet or negotiate,China,2010-02-16
569,Umaru Musa Yar'Adua,Praise or endorse,Umaru Musa Yar'Adua,2009-02-19
570,Tony Blair,Engage in negotiation,Bertie Ahern,2007-03-10
571,Media Personnel (Japan),Consult,Japan,2006-07-04
572,South Korea,Engage in diplomatic cooperation,Japan,2009-05-03
573,Vietnam,Express intent to cooperate,Laos,2009-07-04
574,Jacob J. Lew,Discuss by telephone,Alexis Tsipras,2015-05-28
575,Thailand,Share intelligence or information,Head of Government (India),2013-05-31
576,Japan,Consult,China,2007-10-28
577,South Korea,Engage in negotiation,China,2010-05-14
578,Cabinet / Council of Ministers / Advisors (Jordan),Consult,Thailand,2005-04-25
579,Benjamin Netanyahu,Consult,Angela Merkel,2011-01-31
580,Businessperson (Taiwan),Consult,Government Official (Taiwan),2006-07-28
581,China,Criticize or denounce,Japan,2005-04-13
582,France,Express intent to meet or negotiate,China,2006-09-18
583,Main Opposition (Egypt),Sign formal agreement,National Democratic Party,2010-03-15
584,Iraq,Express intent to meet or negotiate,Nuri al-Maliki,2011-01-03
585,China,Consult,South Korea,2013-12-18
586,Democratic Party,Consult,Chung Sye Kyun,2010-11-03
587,Iran,Express intent to cooperate,Iraq,2007-07-25
588,Sheikh Ahmed Abdullah,Consult,Nabih Berri,2006-12-17
589,Iran,Sign formal agreement,UN Security Council,2015-09-28
590,China,Express intent to meet or negotiate,France,2006-09-18
591,Congress (United States),Consult,Arseniy Yatsenyuk,2015-06-10
592,Sudan,Consult,Ethiopia,2005-12-29
593,Party Member (Iraq),Consult,Nuri al-Maliki,2008-10-13
594,South Korea,Engage in negotiation,Association of Southeast Asian Nations,2010-12-30
595,South Korea,Criticize or denounce,Japan,2006-08-28
596,Dmitry Anatolyevich Medvedev,Sign formal agreement,Abdullah Gül,2009-02-14
597,UN Security Council,Meet at a 'third' location,Japan,2006-10-10
598,Adrian Cioroianu,Consult,France,2007-09-05
599,Al Sharq al Awsat,Discuss by telephone,National Liberation Army,2011-08-14
600,Barack Obama,Engage in negotiation,Abdullah Gül,2009-10-18
601,Terje Roed Larsen,Consult,Tzipi Livni,2006-08-21
602,Cambodia,Express intent to engage in diplomatic cooperation (such as policy support),China,2008-12-10
603,Tariq Aziz,Engage in negotiation,Head of Government (India),2005-10-26
604,South Korea,Make statement,China,2011-07-15
605,Laos,Sign formal agreement,Vietnam,2006-01-26
606,Paramount Ruler Sirajuddin,Consult,Emperor Akihito,2005-03-07
607,Malaysia,Sign formal agreement,Thailand,2013-01-10
608,China,Engage in diplomatic cooperation,France,2005-12-07
609,Ministry (Iran),Sign formal agreement,Mahmoud Ahmadinejad,2010-11-23
610,Ministry (Tanzania),Consult,Police (Tanzania),2010-12-15
611,Government (Nigeria),Appeal for diplomatic cooperation (such as policy support),Citizen (Nigeria),2014-07-29
612,Thongsing Thammavong,Consult,Lee Myung Bak,2012-07-04
613,Mexico,Express intent to meet or negotiate,Japan,2005-04-13
614,South Korea,Express intent to engage in diplomatic cooperation (such as policy support),Colombia,2011-05-31
615,Senate Armed Services Committee,Consult,Raheel Sharif,2014-11-20
616,Kazakhstan,Express intent to meet or negotiate,South Korea,2007-10-05
617,Barack Obama,Consult,Iran,2013-09-17
618,China,Engage in negotiation,South Korea,2010-05-14
619,Citizen (Thailand),"Reject plan, agreement to settle dispute",Abhisit Vejjajiva,2010-03-29
620,Mahmoud Ahmadinejad,Consult,Oman,2007-05-15
621,Ma Ying Jeou,Sign formal agreement,China,2010-04-28
622,South Korea,Sign formal agreement,China,2008-01-31
623,Yemen,Engage in diplomatic cooperation,Qatar,2014-03-30
624,China,Engage in diplomatic cooperation,Cambodia,2012-05-28
625,China,Engage in diplomatic cooperation,Japan,2008-06-30
626,Media Personnel (Uganda),Discuss by telephone,Daily Monitor,2011-05-28
627,Guatemala,Sign formal agreement,Colombia,2007-08-13
628,Chuck Hagel,Express intent to meet or negotiate,Association of Southeast Asian Nations,2014-03-14
629,Iran,Engage in negotiation,Rand Paul,2015-04-08
630,Cabinet / Council of Ministers / Advisors (United States),Consult,Head of Government (Egypt),2014-09-23
631,Envoy (United States),Consult,Kim Kye Gwan,2007-07-17
632,Colombia,Make statement,Rafael Correa,2008-03-04
633,Governor (Thailand),Consult,Boonrawd Somtat,2006-10-16
634,Government Official (Japan),Make statement,Lawmaker (Japan),2007-01-16
635,Sergey Vladilenovich Kiriyenko,Consult,Gholam Reza Aghazadeh,2006-12-11
636,Oluṣẹgun Ọbasanjọ,Consult,UN Security Council,2005-10-07
637,Japan,Consult,South Korea,2005-06-14
638,Malaysia,Consult,Cambodia,2006-09-13
639,China,Express intent to engage in diplomatic cooperation (such as policy support),Japan,2007-02-23
640,Cambodia,Express intent to cooperate,Laos,2008-01-16
641,France,Make statement,South Korea,2005-12-06
642,China,Express intent to cooperate,Defense / Security Ministry (Chile),2007-05-15
643,Mahmoud Abbas,Discuss by telephone,Benjamin Netanyahu,2015-07-18
644,France,Engage in diplomatic cooperation,Vietnam,2010-01-26
645,Gurbanguly Berdymukhammedov,Consult,Dmitry Anatolyevich Medvedev,2009-08-20
646,Amina Mohamed,Engage in negotiation,Sheikh Ahmed Abdullah,2015-06-09
647,Yasuo Fukuda,Consult,Head of Government (South Korea),2008-04-21
648,Herman Van Rompuy,Engage in negotiation,Angela Merkel,2010-02-11
649,Republic of South Ossetia,Express intent to meet or negotiate,Zurab Nogaideli,2005-10-28
650,Xi Jinping,Consult,Head of Government (India),2014-06-30
651,South Korea,Consult,Head of Government (Turkmenistan),2014-06-16
652,Cambodia,Express intent to meet or negotiate,Thailand,2005-07-05
653,China,Consult,Thailand,2006-01-13
654,Cristina Fernández de Kirchner,Express intent to cooperate,Angela Merkel,2013-01-27
655,Defense / Security Ministry (United States),Consult,South Korea,2006-10-18
656,Cristina Fernández de Kirchner,Express intent to cooperate,Justicialist Party,2014-04-17
657,Wang Yi,Engage in negotiation,Benjamin Netanyahu,2013-12-17
658,Benjamin Netanyahu,Express intent to meet or negotiate,Mahmoud Abbas,2010-09-03
659,Police (Indonesia),Engage in material cooperation,Business (Indonesia),2006-02-25
660,Iran,Engage in diplomatic cooperation,Iraq,2009-05-26
661,Head of Government (Cuba),Consult,Evo Morales,2009-10-22
662,Kuwait,Consult,Qatar,2015-10-01
663,Iran,Consult,Kazakhstan,2015-02-02
664,Qatar,Consult,Kuwait,2015-10-01
665,Wang Yi,Consult,Kim Kye Gwan,2013-06-21
666,Iran,Make pessimistic comment,Mexico,2015-12-03
667,Ashraf Ghani Ahmadzai,Sign formal agreement,Gurbanguly Berdymukhammedov,2015-01-22
668,Representatives (Sudan),Consult,Ministry (Sudan),2012-01-11
669,Agence France-Presse,Consult,Jack Straw,2006-01-07
670,China,Express intent to engage in diplomatic cooperation (such as policy support),Thailand,2014-12-25
671,China,Express intent to engage in diplomatic cooperation (such as policy support),Vietnam,2009-03-20
672,Bolivia,Engage in negotiation,Mahmoud Ahmadinejad,2012-06-20
673,Emmanuel Eweta Uduaghan,Consult,Ministry (Nigeria),2013-03-18
674,City Mayor (Philippines),Engage in negotiation,Police (Philippines),2014-01-31
675,Senate (Saudi Arabia),Consult,Umaru Musa Yar'Adua,2010-02-05
676,William Ruto,Express intent to meet or negotiate,Uhuru Muigai Kenyatta,2012-02-03
677,Mahmoud Ahmadinejad,Sign formal agreement,Ministry (Iran),2010-11-23
678,China,Express intent to cooperate,Association of Southeast Asian Nations,2013-07-01
679,Mohamed Ould Abdel Aziz,Engage in negotiation,Mahmoud Ahmadinejad,2010-01-26
680,Colombia,Cooperate economically,Japan,2012-09-25
681,Vietnam,Engage in diplomatic cooperation,Japan,2006-11-10
682,Benjamin Netanyahu,Consult,Head of Government (Egypt),2012-11-19
683,Haider Al-Abadi,Consult,Head of Government (Egypt),2015-12-07
684,China,"Declare truce, ceasefire",South Korea,2007-01-14
685,Iran,Sign formal agreement,Iraq,2005-10-05
686,Iraq,Engage in diplomatic cooperation,Iran,2008-06-09
687,Nabil Shaath,Consult,Saud bin Faisal bin Abdul-Aziz,2006-07-03
688,Cambodia,Consult,Japan,2007-04-03
689,Japan,Express intent to meet or negotiate,China,2006-11-15
690,Education Ministry (France),Consult,Education Ministry (Saudi Arabia),2008-03-26
691,Yemen,Engage in negotiation,Sudan,2007-02-19
692,Head of Government (Brazil),Consult,Ministry (Brazil),2014-10-23
693,Eric Chu,Engage in negotiation,Kuomintang,2015-05-08
694,Colombia,Sign formal agreement,South Korea,2015-04-18
695,Daily Monitor,Discuss by telephone,Media Personnel (Uganda),2011-05-28
696,Sudan,Engage in negotiation,Yemen,2007-02-19
697,Representatives (Algeria),Consult,Education Ministry (Algeria),2014-11-17
698,Mexico,Sign formal agreement,Japan,2006-03-20
699,Mahmoud Ahmadinejad,Engage in negotiation,Mohamed Ould Abdel Aziz,2010-01-26
700,Pervez Musharraf,Meet at a 'third' location,Benazir Bhutto,2007-08-11
701,Archbishop (Zambia),Consult,Michael Sata,2012-08-10
702,Arseniy Yatsenyuk,Consult,Dmitry Anatolyevich Medvedev,2014-03-01
703,Iran,Consult,Javier Solana,2008-03-15
704,Oluṣẹgun Ọbasanjọ,Consult,Government (Nigeria),2014-05-13
705,Prime Minister Chaudhry,Consult,Frank Bainimarama,2008-07-24
706,Cláudio Lembo,Consult,Ministry (Brazil),2006-07-07
707,France,Engage in diplomatic cooperation,China,2005-05-03
708,Thailand,Express intent to engage in diplomatic cooperation (such as policy support),Vietnam,2012-10-25
709,Javier Solana,Consult,Tzipi Livni,2009-06-12
710,Iraq,Engage in negotiation,Envoy (United States),2005-10-11
711,Daily Monitor,Discuss by telephone,Indigenous People (Uganda),2012-01-23
712,Government (Sudan),Express intent to meet or negotiate,Rebel Group (Tanzania),2007-07-19
713,Barack Obama,Discuss by telephone,Angela Merkel,2014-03-08
714,Envoy (United States),Consult,Mahmoud Abbas,2005-04-21
715,Wen Jiabao,Engage in negotiation,Cabinet / Council of Ministers / Advisors (United States),2005-08-01
716,Japan,Sign formal agreement,China,2008-11-04
717,Angela Merkel,Discuss by telephone,Benedict XVI,2009-02-08
718,South Korea,Express intent to meet or negotiate,Japan,2005-12-01
719,China,Engage in negotiation,Japan,2007-08-24
720,Benjamin Netanyahu,Engage in negotiation,Mahmoud Abbas,2015-10-23
721,Ministry (Brazil),Consult,Cláudio Lembo,2006-07-07
722,Cristina Fernández de Kirchner,Consult,Head of Government (Uruguay),2013-04-11
723,South Sudan,Consult,Sudan,2013-01-04
724,Iran,Meet at a 'third' location,Cabinet / Council of Ministers / Advisors (United States),2013-11-23
725,Royal Administration (South Africa),Consult,Government (South Africa),2012-05-31
726,Agriculture / Fishing / Forestry Ministry (Vietnam),Consult,Agriculture / Fishing / Forestry Ministry (Laos),2007-08-28
727,Barack Obama,Consult,Raúl Castro,2015-04-15
728,Royal Administration (Jordan),Engage in negotiation,Mahmoud Abbas,2005-10-18
729,China,Sign formal agreement,Japan,2009-05-22
730,China,Consult,Japan,2007-10-28
731,Defense / Security Ministry (Chile),Express intent to cooperate,China,2007-05-15
732,China,Accuse,Vietnam,2014-06-10
733,Oman,Consult,Mahmoud Ahmadinejad,2007-05-15
734,Guerrilla (Colombia),Make statement,National Liberation Army,2011-08-04
735,Ali Abdullah Saleh,Consult,Sheikh Hamad bin Khalifa al-Thani,2011-01-28
736,Chris Huhne,Make statement,Economist (Greece),2013-02-07
737,China,Make optimistic comment,Colombia,2009-02-15
738,South Africa,Consult,China,2012-03-28
739,National Transitional Council,Make statement,National Transitional Council,2012-07-02
740,Cambodia,Engage in diplomatic cooperation,Vietnam,2008-03-24
741,Catherine Ashton,Consult,Tony Blair,2012-01-24
742,Lee Myung Bak,Consult,Thongsing Thammavong,2012-07-04
743,Cristina Fernández de Kirchner,Consult,Japan,2014-01-31
744,Japan,Express intent to cooperate,China,2015-10-28
745,Kazakhstan,Consult,China,2006-11-22
746,Iraq,Make statement,City Mayor (Iraq),2014-02-22
747,France,Sign formal agreement,China,2015-07-27
748,China,Express intent to meet or negotiate,Japan,2005-05-27
749,China,Express intent to meet or negotiate,Japan,2007-02-15
750,Mahmoud Abbas,Consult,Abdullah Gül,2012-03-01
751,Cabinet / Council of Ministers / Advisors (United States),Consult,Saud bin Faisal bin Abdul-Aziz,2011-09-21
752,France,Express intent to cooperate,Mauritania,2009-10-15
753,Cabinet / Council of Ministers / Advisors (United States),Meet at a 'third' location,Iran,2013-11-23
754,Barack Obama,Express intent to engage in diplomatic cooperation (such as policy support),Lee Myung Bak,2008-11-11
755,Cabinet / Council of Ministers / Advisors (United States),Engage in negotiation,African Union,2005-06-03
756,Toomas Hendrik Ilves,Engage in negotiation,Solomon Passy,2009-02-05
757,United Arab Emirates,Consult,Kuwait,2014-09-15
758,Oman,Sign formal agreement,Malaysia,2015-10-22
759,Education Ministry (Saudi Arabia),Consult,Education Ministry (France),2008-03-26
760,Laos,Express intent to cooperate,Japan,2007-05-16
761,Citizen (Nigeria),Appeal for diplomatic cooperation (such as policy support),Government (Nigeria),2014-07-29
762,Head of Government (Qatar),Engage in negotiation,Nuri al-Maliki,2011-10-30
763,Iran,Sign formal agreement,Barack Obama,2015-02-22
764,Yemen,Consult,Representatives (Yemen),2008-03-21
765,South Korea,Express intent to cooperate,Japan,2006-07-03
766,Angela Merkel,Consult,Wen Jiabao,2006-09-15
767,Japan,Engage in negotiation,China,2011-12-02
768,Daniel Scioli,Discuss by telephone,Cristina Fernández de Kirchner,2015-11-09
769,China,Engage in diplomatic cooperation,Vietnam,2015-05-20
770,South Korea,Sign formal agreement,Colombia,2012-07-16
771,Citizen (Australia),Express intent to cooperate,City Mayor (Australia),2015-02-23
772,France,Engage in diplomatic cooperation,China,2005-12-07
773,Foreign Affairs (Singapore),Consult,Saud bin Faisal bin Abdul-Aziz,2007-09-27
774,Foreign Affairs (Singapore),Consult,Foreign Affairs (Romania),2010-04-04
775,Labor Union (Nigeria),Consult,Government (Nigeria),2015-09-07
776,USAID,Sign formal agreement,Chevron,2011-03-02
777,China,Sign formal agreement,Association of Southeast Asian Nations,2009-07-09
778,Hui Liangyu,Consult,Andrzej Lepper,2006-11-30
779,WAM news agency,Consult,United Arab Emirates,2006-08-05
780,Cabinet / Council of Ministers / Advisors (Thailand),Express intent to meet or negotiate,Thailand,2015-05-26
781,Philip Hammond,Express intent to meet or negotiate,Daniel Mitov,2015-01-14
782,Police (Australia),Make an appeal or request,Citizen (Australia),2008-01-21
783,Citizen (Benin),Use unconventional violence,Oodua Peoples Congress,2014-12-23
784,Xiao Yang,Consult,Head of Government (Mongolia),2006-04-06
785,Jack Straw,Consult,Agence France-Presse,2006-01-07
786,South Korea,Sign formal agreement,China,2009-12-16
787,Japan,Express intent to cooperate,South Korea,2005-08-04
788,Japan,Engage in diplomatic cooperation,Yemen,2007-03-07
789,Yasuo Fukuda,Engage in negotiation,Wen Jiabao,2007-12-28
790,Arseniy Yatsenyuk,Consult,Congress (United States),2015-06-10
791,National Liberation Army,Discuss by telephone,Al Sharq al Awsat,2011-08-14
792,Ethiopia,Consult,South Sudan,2012-04-26
793,Japan,Consult,Cristina Fernández de Kirchner,2014-01-31
794,Thailand,Consult,Iran,2005-11-26
795,Cabinet / Council of Ministers / Advisors (United States),Consult,Angela Merkel,2015-10-24
796,China,Make an appeal or request,Japan,2007-01-17
797,Head of Government (Egypt),Meet at a 'third' location,Javier Solana,2009-01-27
798,Zurab Nogaideli,Express intent to meet or negotiate,Republic of South Ossetia,2005-10-28
799,Vietnam,Engage in diplomatic cooperation,China,2015-05-20
800,Citizen (Sudan),Consult,Media (Africa),2014-04-08
801,Thailand,Express intent to engage in diplomatic cooperation (such as policy support),China,2014-12-25
802,Mikhail Yefimovich Fradkov,Meet at a 'third' location,Mikhail Yefimovich Fradkov,2005-07-06
803,Evo Morales,Consult,Head of Government (Cuba),2009-10-22
804,Member of Parliament (Brazil),Express intent to meet or negotiate,Citizen (Brazil),2012-03-01
805,Israeli Defense Forces,Make statement,Israeli Defense Forces,2007-03-16
806,Aceh,Provide aid,Aceh,2005-01-11
807,Vietnam,Engage in negotiation,Laos,2005-08-01
808,Ministry (Sudan),Consult,Representatives (Sudan),2012-01-11
809,Barack Obama,Sign formal agreement,Iran,2015-02-22
810,Mexico,Consult,South Korea,2015-08-11
811,Cristina Fernández de Kirchner,Discuss by telephone,Daniel Scioli,2015-11-09
812,Media Personnel (Uganda),Consult,Daily Monitor,2010-07-22
813,Colombia,Make optimistic comment,China,2009-02-15
814,Benjamin Netanyahu,Discuss by telephone,Mahmoud Abbas,2015-07-18
815,Japan,Express intent to cooperate,Laos,2007-05-16
816,Okada Katsuya,Consult,Toru Hashimoto,2015-08-31
817,Laos,Consult,Cambodia,2008-10-22
818,Mexico,Express intent to meet or negotiate,Japan,2012-01-27
819,South Africa,Consult,Lesotho,2005-08-01
820,Citizen (Australia),Make optimistic comment,Japan,2006-03-12
821,Bertie Ahern,Engage in negotiation,Tony Blair,2007-03-10
822,China,Consult,France,2008-11-17
823,South Korea,Express intent to meet or negotiate,Kazakhstan,2007-10-05
824,Wen Jiabao,Engage in negotiation,Yasuo Fukuda,2007-12-28
825,France,Consult,China,2010-01-08
826,Vietnam,Express intent to engage in diplomatic cooperation (such as policy support),China,2009-03-20
827,Kim Kye Gwan,Consult,Wang Yi,2013-06-21
828,Japan,Consult,Alberto Fujimori,2005-11-17
829,Iraq,Use conventional military force,Mahdi Army,2008-04-01
830,Rand Paul,Engage in negotiation,Iran,2015-04-08
831,Media Personnel (Iran),Consult,Media Personnel (International),2007-06-17
832,Japan,Express intent to meet or negotiate,South Korea,2011-06-28
833,Mehr News Agency,Consult,Mohammad Reza Naqdi,2009-11-30
834,James Baker,Consult,Association of Southeast Asian Nations,2005-07-29
835,City Mayor (Croatia),Consult,Hannes Swoboda,2014-05-20
836,Government (Pakistan),Sign formal agreement,Media Personnel (Pakistan),2014-05-22
837,Barack Obama,"Reject proposal to meet, discuss, or negotiate",Benjamin Netanyahu,2015-01-26
838,Japan,Make optimistic comment,Citizen (Australia),2006-03-12
839,Dmitry Anatolyevich Medvedev,Consult,Gurbanguly Berdymukhammedov,2009-08-20
840,Military Personnel - Special (India),fight with small arms and light weapons,Separatist (India),2015-09-10
841,Mahmoud Abbas,Express intent to meet or negotiate,Benjamin Netanyahu,2010-09-03
842,Media Personnel (China),Consult,Al Jazeera,2008-04-26
843,Iran,Consult,Barack Obama,2015-05-17
844,New Patriotic Party,Consult,The Chronicle,2010-04-19
845,Military (Cambodia),fight with small arms and light weapons,Thailand,2010-04-19
846,Cristina Fernández de Kirchner,Consult,Daniel Scioli,2015-11-23
847,Javier Solana,Meet at a 'third' location,Head of Government (Egypt),2009-01-27
848,Economist (Greece),Make statement,Chris Huhne,2013-02-07
849,Japan,Express intent to cooperate,South Korea,2005-12-26
850,Iran Khodro Company,Sign formal agreement,Head of Government (Turkmenistan),2007-06-16
851,Government Affiliated Bank (Singapore),Express intent to meet or negotiate,Citizen (Singapore),2006-09-08
852,Head of Government (Uruguay),Consult,Cristina Fernández de Kirchner,2013-04-11
853,Supreme Council (South Korea),Consult,Grand National Party,2011-09-23
854,Japan,Sign formal agreement,China,2008-12-06
855,China,Express intent to meet or negotiate,Japan,2006-11-15
856,Barack Obama,Express intent to meet or negotiate,Shimon Peres,2011-04-03
857,Mahdi Army,Use conventional military force,Iraq,2008-04-01
858,Ministry (Iran),Consult,Head of Government (Pakistan),2013-02-20
859,Islamic Preacher (Iran),Consult,Iran,2013-11-13
860,France,Express intent to meet or negotiate,Iran,2013-02-23
861,Vietnam,Consult,National Lawyers Guild,2009-06-17
862,Taavi Rõivas,Consult,Arseniy Yatsenyuk,2015-02-23
863,Cláudio Lembo,Discuss by telephone,Ministry (Brazil),2006-05-15
864,Catherine Ashton,Meet at a 'third' location,Hashim Thaçi,2013-11-06
865,Middle East,Engage in diplomatic cooperation,Oman,2008-04-22
866,Yemen,Engage in diplomatic cooperation,Japan,2007-03-07
867,Japan,Consult,Cambodia,2007-04-03
868,Thailand,Express intent to cooperate,Laos,2011-04-21
869,Laos,Express intent to cooperate,Malaysia,2013-11-18
870,Vietnam,Sign formal agreement,Laos,2007-07-10
871,Eurasian Economic Community,Consult,Islam Karimov,2006-08-17
872,Qabus ibn Sa`id,Consult,Abdullah Gül,2010-04-14
873,Tatarstan,Engage in diplomatic cooperation,Iran,2005-12-14
874,Omar Suleiman,Consult,Mahmoud Abbas,2009-05-28
875,China,Consult,France,2010-01-08
876,Angola,Express intent to cooperate,China,2009-09-01
877,Indigenous People (Uganda),Discuss by telephone,Daily Monitor,2012-01-23
878,Head of Government (India),Consult,Xi Jinping,2014-06-30
879,Citizen (Greece),Express intent to engage in diplomatic cooperation (such as policy support),France,2015-06-02
880,Organization of Petroleum Exporting Countries,Meet at a 'third' location,Mahmoud Ahmadinejad,2007-11-19
881,Naledi Pandor,Consult,ANC Youth League,2009-02-17
882,Malaysia,Express intent to cooperate,Thailand,2005-09-13
883,Solomon Passy,Engage in negotiation,Toomas Hendrik Ilves,2009-02-05
884,Qatar,Consult,United Arab Emirates,2014-08-25
885,Omar Suleiman,Consult,Mahmoud Abbas,2005-12-22
886,Police (Australia),Consult,Citizen (Australia),2012-08-14
887,Iran,Engage in negotiation,Barack Obama,2015-04-07
888,Uhuru Muigai Kenyatta,Express intent to meet or negotiate,William Ruto,2012-02-03
889,Daniel Scioli,Consult,Cristina Fernández de Kirchner,2015-11-23
890,Gurbanguly Berdymukhammedov,Consult,Richard Boucher,2008-05-30
891,Senate (Romania),Consult,Legislature (Romania),2005-06-20
892,Muhammadu Buhari,Consult,Barack Obama,2015-07-16
893,Air Force (Canada),Express intent to engage in material cooperation,Naval (Canada),2005-02-16
894,Cambodia,Consult,China,2015-05-04
895,China,Consult,Iran,2010-12-08
896,Prem Tinsulanonda,Demonstrate or rally,Prem Tinsulanonda,2007-03-21
897,Shimon Peres,Consult,Israeli Defense Forces,2011-08-17
898,Kuwait,Sign formal agreement,Ethiopia,2007-05-14
899,China,Consult,South Korea,2012-12-06
900,Vietnam,Accuse,China,2014-06-10
901,Wen Jiabao,Consult,Head of Government (Chile),2008-04-13
902,Sudan,Express intent to cooperate,South Sudan,2012-10-04
903,Ministry (Afghanistan),Consult,Radoslaw Sikorski,2008-07-14
904,Japan,Engage in diplomatic cooperation,China,2015-03-27
905,Gholam Reza Aghazadeh,Consult,Sergey Vladilenovich Kiriyenko,2006-12-11
906,China,Consult,Foreign Affairs (India),2015-02-23
907,Tzipi Livni,Consult,Javier Solana,2009-06-12
908,Barack Obama,Engage in negotiation,Iran,2015-04-07
909,African Union,Consult,Barack Obama,2013-06-30
910,France,Consult,Adrian Cioroianu,2007-09-05
911,Liu Zhenmin,Express intent to meet or negotiate,Shinsuke Sugiyama,2015-03-05
912,Mahmoud Abbas,Consult,Royal Administration (Jordan),2005-10-05
913,Vietnam,Engage in diplomatic cooperation,China,2008-05-31
914,Citizen (Australia),Consult,Police (Australia),2012-08-14
915,China,Engage in diplomatic cooperation,South Sudan,2012-04-09
916,China,Engage in negotiation,Romania,2013-11-25
917,Benjamin Netanyahu,Consult,Cabinet / Council of Ministers / Advisors (United States),2013-12-19
918,Foreign Affairs (France),Engage in negotiation,Iraq,2015-06-29
919,Military (Myanmar),fight with small arms and light weapons,Thailand,2007-03-23
920,Gurbanguly Berdymukhammedov,Sign formal agreement,Ashraf Ghani Ahmadzai,2015-01-22
921,Richard Boucher,Consult,Gurbanguly Berdymukhammedov,2008-05-30
922,Boonrawd Somtat,Consult,Governor (Thailand),2006-10-16
923,Mahmoud Ahmadinejad,Discuss by telephone,Iraq,2007-04-29
924,Mexico,Make pessimistic comment,Iran,2015-12-03
925,"Government (Palestinian Territory, Occupied)",Consult,Mahmoud Abbas,2006-12-16
926,Japan,Express intent to meet or negotiate,South Korea,2005-12-01
927,China,Consult,Yemen,2009-04-19
928,Laos,Engage in diplomatic cooperation,Thailand,2012-06-22
929,Associated Press,Consult,Ashraf Ghani Ahmadzai,2014-04-03
930,Iraq,Engage in diplomatic cooperation,Iran,2009-05-26
931,China,Express intent to cooperate,Japan,2006-02-07
932,Sato Kilman,Consult,Director General (Vanuatu),2007-08-08
933,Barack Obama,Discuss by telephone,Joanne Liu,2015-10-08
934,Ma Ying Jeou,Engage in negotiation,Tsai Ing-wen,2010-05-02
935,Vietnam,Sign formal agreement,Laos,2006-01-26
936,Tony Blair,Consult,Catherine Ashton,2012-01-24
937,China,Engage in diplomatic cooperation,Japan,2014-11-11
938,China,Sign formal agreement,Malaysia,2008-05-03
939,Iran,Engage in negotiation,UN Security Council,2014-05-30
940,South Korea,Express intent to cooperate,Japan,2005-08-04
941,Shivshankar Menon,Consult,Undersecretary (United States),2008-02-29
942,Other Authorities / Officials (Turkey),Consult,Barack Obama,2014-10-20
943,Cabinet / Council of Ministers / Advisors (Bangladesh),Consult,Member of Parliament (Bangladesh),2012-01-26
944,Kuwait,Meet at a 'third' location,Iran,2005-04-30
945,China,Express intent to engage in diplomatic cooperation (such as policy support),Cambodia,2008-12-10
946,Business (Indonesia),Engage in material cooperation,Police (Indonesia),2006-02-25
947,United Arab Emirates,Consult,WAM news agency,2006-08-05
948,Government (Nigeria),Sign formal agreement,Labor Union (Nigeria),2011-02-04
949,Medical Personnel (India),Consult,Director General (India),2010-12-12
950,Legislature (Romania),Consult,Senate (Romania),2005-06-20
951,Japan,Meet at a 'third' location,UN Security Council,2006-10-10
952,Mexico,Consult,Colombia,2013-05-23
953,Government (South Africa),Consult,Royal Administration (South Africa),2012-05-31
954,Chaudhry Nisar Ali Khan,Consult,High Ranking Military Personnel (Pakistan),2014-03-21
955,Business (South Korea),Consult,Grand National Party,2010-11-03
956,Senate (Romania),Consult,Legislature (Romania),2012-08-27
957,Laos,Engage in negotiation,Vietnam,2005-08-01
958,Vietnam,Sign formal agreement,Kuwait,2007-05-23
959,Qatar,Engage in diplomatic cooperation,Yemen,2014-03-30
960,Sudan,Consult,South Sudan,2013-01-04
961,China,Express intent to cooperate,South Korea,2009-11-18
962,Aigars Kalvitis,Consult,Foreign Affairs (Israel),2006-07-13
963,China,Express intent to settle dispute,Vietnam,2015-03-11
964,Benjamin Netanyahu,Consult,Likud,2015-11-03
965,Envoy (United States),Engage in negotiation,China,2010-02-25
966,Wen Jiabao,Consult,Tony Blair,2005-09-05
967,Tzipi Livni,Consult,Terje Roed Larsen,2006-08-21
968,China,Engage in diplomatic cooperation,Vietnam,2010-10-12
969,Shinsuke Sugiyama,Express intent to meet or negotiate,Liu Zhenmin,2015-03-05
970,Tsai Ing-wen,Engage in negotiation,Ma Ying Jeou,2010-05-02
971,The Hague,Make optimistic comment,The Hague,2007-10-04
972,Angela Merkel,Consult,Benjamin Netanyahu,2011-01-31
973,Member of Legislative (Govt) (South Korea),Consult,Democratic Party,2010-11-08
974,Government (Sudan),Sign formal agreement,African Union,2007-04-10
975,Ministry of International Cooperation (Sudan),Sign formal agreement,Norwegian Church Aid,2006-08-29
976,Japan,Consult,China,2007-01-12
977,Andrzej Lepper,Consult,Hui Liangyu,2006-11-30
978,Thailand,Express intent to cooperate,Malaysia,2005-09-13
979,Kuwait,Engage in diplomatic cooperation,Iran,2014-11-27
980,Angola,Express intent to engage in diplomatic cooperation (such as policy support),Portugal,2015-11-13
981,Head of Government (Kenya),Consult,Media (Africa),2011-02-23
982,Daily Monitor,Consult,Media Personnel (Uganda),2010-07-22
983,Japan,Consult,South Korea,2006-11-08
984,China,Engage in diplomatic cooperation,Vietnam,2008-05-31
985,Foreign Affairs (Israel),Consult,Foreign Affairs (Argentina),2013-01-29
986,Japan,Engage in diplomatic cooperation,South Korea,2009-05-03
987,Malaysia,Sign formal agreement,Oman,2015-10-22
988,Benjamin Netanyahu,Consult,Barack Obama,2015-11-20
989,Cambodia,Engage in negotiation,Malaysia,2008-06-19
990,Mehmet Agar,Consult,Industry (Turkey),2006-10-11
991,Ethiopia,Sign formal agreement,Kuwait,2007-05-14
992,Dmitry Anatolyevich Medvedev,Consult,Benjamin Netanyahu,2010-12-04
993,Oluṣẹgun Ọbasanjọ,Discuss by telephone,Media (Africa),2015-01-13
994,Vietnam,Express intent to cooperate,Cambodia,2007-04-10
995,Kuomintang,Engage in negotiation,China,2005-04-30
996,Human Rights Watch,Consult,Associated Press,2010-07-23
997,Lawyer/Attorney (Australia),Make statement,Police (Australia),2005-07-01
998,Serik Akhmetov,Consult,Dmitry Anatolyevich Medvedev,2013-11-20
999,Foreign Affairs (Venezuela),Express intent to meet or negotiate,Colombia,2014-11-18
1000,Hashim Thaçi,Meet at a 'third' location,Catherine Ashton,2013-11-06
1001,Nuri al-Maliki,Engage in negotiation,Head of Government (Qatar),2011-10-30
1002,UN Security Council,Sign formal agreement,Iran,2015-09-28
1003,China,Consult,South Korea,2008-10-31
1004,Alexis Tsipras,Discuss by telephone,Jacob J. Lew,2015-05-28
1005,Daniel Mitov,Express intent to meet or negotiate,Philip Hammond,2015-01-14
1006,Iran,Engage in negotiation,Sergey Vladilenovich Kiriyenko,2006-09-25
1007,Barack Obama,Engage in negotiation,Abdullah Gül,2009-04-06
1008,Roh Moo Hyun,Engage in negotiation,Oluṣẹgun Ọbasanjọ,2006-11-06
1009,Cambodia,Express intent to cooperate,Thailand,2014-06-17
1010,South Korea,Express intent to meet or negotiate,China,2006-03-24
1011,Angela Merkel,Engage in negotiation,Herman Van Rompuy,2010-02-11
1012,Romania,Engage in diplomatic cooperation,France,2014-02-07
1013,Chevron,Consult,Other Authorities / Officials (Nigeria),2010-08-04
1014,Ministry (Brazil),Consult,Head of Government (Brazil),2014-10-23
1015,Benedict XVI,Discuss by telephone,Angela Merkel,2009-02-08
1016,China,Express intent to cooperate,South Korea,2011-08-28
1017,South Korea,Express intent to meet or negotiate,Japan,2008-03-30
1018,China,Express intent to cooperate,South Korea,2012-05-13
1019,China,Express intent to engage in diplomatic cooperation (such as policy support),South Korea,2006-08-29
1020,Police (Philippines),Engage in negotiation,City Mayor (Philippines),2014-01-31
1021,Abdullah Gül,Engage in symbolic act,Tzipi Livni,2006-05-29
1022,Thailand,Use conventional military force,Military (Myanmar),2007-03-27
1023,South Korea,Express intent to cooperate,China,2009-11-18
1024,Valentin Sobolev,Discuss by telephone,UN Security Council,2008-02-18
1025,Police (Australia),Consult,Police (New Zealand),2014-12-11
1026,Laos,Consult,Cambodia,2008-10-23
1027,Colombia,Express intent to meet or negotiate,Foreign Affairs (Venezuela),2014-11-18
1028,Envoy (United States),Consult,Yerlan Idrisov,2012-10-04
1029,South Korea,Express intent to cooperate,China,2009-04-12
1030,South Africa,Express intent to cooperate,China,2014-11-16
1031,Iván Velázquez-Caballero,Use unconventional violence,Miguel Treviño Morales,2012-09-27
1032,Japan,Express intent to cooperate,China,2009-01-07
1033,Cambodia,Consult,Laos,2008-10-22
1034,Benjamin Netanyahu,Engage in negotiation,Envoy (United States),2010-08-11
1035,Dmitry Anatolyevich Medvedev,Express intent to meet or negotiate,Rashid Gumarovich Nurgaliyev,2007-06-01
1036,Royal Administration (Jordan),Consult,Mahmoud Abbas,2005-10-05
1037,Election Commission (India),Consult,Media (India),2010-11-02
1038,Japan,Engage in diplomatic cooperation,South Korea,2014-09-04
1039,Sheikh Ahmed Abdullah,Engage in negotiation,Amina Mohamed,2015-06-09
1040,Energy Department/Ministry (Brazil),Express intent to engage in diplomatic cooperation (such as policy support),Lee Myung Bak,2008-11-19
1041,Toru Hashimoto,Consult,Okada Katsuya,2015-08-31
1042,Sher Bahadur Deuba,Consult,Foreign Affairs (India),2015-09-19
1043,Professor (France),Consult,Media (Africa),2015-12-02
1044,Civil Service (Laos),Share intelligence or information,Domestic Affairs (Vietnam),2006-08-01
1045,China,Engage in diplomatic cooperation,Japan,2005-06-02
1046,Oman,Sign formal agreement,Iran,2008-12-22
1047,Mekong River Commission,Consult,Vietnam,2014-04-05
1048,Japan,Make an appeal or request,China,2007-01-17
1049,Mohammad Reza Naqdi,Consult,Mehr News Agency,2009-11-30
1050,China,Express intent to engage in diplomatic cooperation (such as policy support),France,2008-06-14
1051,South Korea,Consult,Japan,2005-06-14
1052,Barack Obama,Engage in negotiation,Angela Merkel,2013-06-11
1053,China,Consult,South Africa,2012-03-28
1054,Barack Obama,Consult,Mahmoud Abbas,2010-06-02
1055,Barack Obama,Consult,Benjamin Netanyahu,2015-09-02
1056,Mahmoud Abbas,Engage in negotiation,Royal Administration (Jordan),2005-10-18
1057,Mauritania,Express intent to cooperate,France,2009-10-15
1058,Portugal,Express intent to engage in diplomatic cooperation (such as policy support),Angola,2015-11-13
1059,Police (Israel),Consult,Benjamin Netanyahu,2014-06-14
1060,Arseniy Yatsenyuk,Consult,Taavi Rõivas,2015-02-23
1061,Pham Binh Minh,Engage in negotiation,Cabinet / Council of Ministers / Advisors (United States),2014-05-22
1062,Director General (India),Consult,Medical Personnel (India),2010-12-12
1063,Raheel Sharif,Consult,Senate Armed Services Committee,2014-11-20
1064,Nasser Judeh,Consult,Alexander Vershbow,2012-06-22
1065,Japan,Consult,South Korea,2009-04-14
1066,Media (Africa),Discuss by telephone,Oluṣẹgun Ọbasanjọ,2015-01-13
1067,Vietnam,Engage in diplomatic cooperation,China,2010-10-12
1068,Ali Abdullah Saleh,Consult,Mahmoud Abbas,2007-02-10
1069,Thailand,Consult,Cabinet / Council of Ministers / Advisors (Jordan),2005-04-25
1070,Laos,Express intent to cooperate,Thailand,2011-04-21
1071,Director General (Vanuatu),Consult,Sato Kilman,2007-08-08
1072,China,Express intent to meet or negotiate,South Korea,2012-05-10
1073,Laos,Express intent to meet or negotiate,Cambodia,2006-12-01
1074,Mahmoud Abbas,Consult,Ali Abdullah Saleh,2007-02-10
1075,China,Express intent to engage in diplomatic cooperation (such as policy support),Association of Southeast Asian Nations,2005-08-07
1076,Eritrea,Make an appeal or request,UN Security Council,2008-05-01
1077,Barack Obama,Consult,Benjamin Netanyahu,2015-11-20
1078,City Mayor (Indonesia),Consult,Abdul Aziz,2008-09-29
1079,UN Security Council,Consult,African Union,2005-01-10
1080,Tzipi Livni,Consult,Oman,2007-09-26
1081,Iran,Consult,Iraq,2007-09-03
1082,South Korea,Express intent to cooperate,China,2015-12-22
1083,Yemen,Engage in diplomatic cooperation,Djibouti,2007-03-11
1084,Iran,Sign formal agreement,Bolivia,2012-06-19
1085,Benjamin Netanyahu,Criticize or denounce,Barack Obama,2015-02-22
1086,Niger,Sign formal agreement,Muhammadu Buhari,2015-07-31
1087,Laos,Sign formal agreement,Kuwait,2008-08-06
1088,Guy Scott,Express intent to cooperate,Citizen (Zambia),2014-12-20
1089,Japan,Engage in negotiation,China,2007-08-24
1090,Naval (Canada),Express intent to engage in material cooperation,Air Force (Canada),2005-02-16
1091,China,Express intent to cooperate,Japan,2008-07-22
1092,Education (Iran),Consult,Student (Iran),2009-10-04
1093,Javier Solana,Consult,Iran,2008-03-15
1094,Ministry (Egypt),Consult,Abdel Fattah Al-Sisi,2015-04-22
1095,Iraq,Express intent to cooperate,Iran,2007-07-25
1096,France,Engage in negotiation,Iran,2005-02-18
1097,China,Consult,South Korea,2006-01-05
1098,Wen Jiabao,Consult,Angela Merkel,2006-09-15
1099,Iran,Engage in diplomatic cooperation,Tatarstan,2005-12-14
1100,Burundi,Consult,Tanzania,2013-12-02
1101,Japan,Express intent to meet or negotiate,Association of Southeast Asian Nations,2005-09-29
1102,South Korea,Express intent to engage in diplomatic cooperation (such as policy support),Japan,2012-05-11
1103,Charge D'affaires (Saudi Arabia),Consult,Noppadon Pattama,2008-03-07
1104,Kim Kye Gwan,Consult,Envoy (United States),2007-07-17
1105,Tanzania,Consult,Burundi,2013-12-02
1106,China,Express intent to meet or negotiate,South Korea,2010-02-16
1107,Citizen (Tanzania),Consult,Student (Tanzania),2011-10-04
1108,South Korea,Express intent to engage in diplomatic cooperation (such as policy support),China,2006-08-29
1109,Association of Southeast Asian Nations,Consult,James Baker,2005-07-29
1110,Japan,Engage in negotiation,China,2006-12-18
1111,Thailand,Express intent to meet or negotiate,Laos,2005-07-05
1112,Angela Merkel,Consult,Cabinet / Council of Ministers / Advisors (United States),2015-10-24
1113,France,Consult,China,2008-11-17
1114,Japan,Express intent to meet or negotiate,China,2005-12-08
1115,Barack Obama,Criticize or denounce,Benjamin Netanyahu,2015-02-22
1116,City Mayor (Australia),Express intent to cooperate,Citizen (Australia),2015-02-23
1117,China,Express intent to cooperate,Vietnam,2007-12-03
1118,China,Consult,Japan,2006-02-14
1119,Domestic Affairs (Vietnam),Share intelligence or information,Civil Service (Laos),2006-08-01
1120,Ali Abdullah Saleh,Consult,Head of Government (Qatar),2010-09-08
1121,Barack Obama,Consult,Iran,2015-05-17
1122,Kuwait,Sign formal agreement,Laos,2008-08-06
1123,South Korea,Consult,Japan,2006-11-08
1124,ANC Youth League,Consult,Naledi Pandor,2009-02-17
1125,Vuk Jeremić,Consult,UN Security Council,2008-02-19
1126,Bolivia,Sign formal agreement,Iran,2012-06-19
1127,Uhuru Muigai Kenyatta,Consult,William Ruto,2006-12-20
1128,China,Express intent to cooperate,Japan,2015-10-28
1129,Japan,Express intent to cooperate,China,2005-04-18
1130,Japan,Consult,China,2006-05-18
1131,Laos,Express intent to cooperate,Cambodia,2008-01-16
1132,China,Engage in negotiation,Japan,2011-12-02
1133,Senate (Argentina),Consult,Daniel Scioli,2015-04-14
1134,UN Security Council,Consult,Oluṣẹgun Ọbasanjọ,2005-10-07
1135,Iran,Engage in negotiation,France,2005-02-18
1136,Pokot,Consult,Media (Africa),2015-03-27
1137,Cambodia,Consult,Laos,2008-11-10
1138,Tony Blair,Express intent to meet or negotiate,Mahmoud Abbas,2007-07-23
1139,Thailand,Engage in diplomatic cooperation,Laos,2012-06-22
1140,Malaysia,Express intent to cooperate,Laos,2013-11-18
1141,Abderrahim Ould Hadrami,Sign formal agreement,Foreign Affairs (Mauritania),2007-09-28
1142,Barack Obama,Consult,Muhammadu Buhari,2015-07-16
1143,China,Sign formal agreement,Association of Southeast Asian Nations,2006-03-11
1144,Malaysia,Sign formal agreement,Thailand,2006-04-14
1145,Jerry Ekandjo,Consult,Media (Africa),2008-05-13
1146,Kuwait,Consult,United Arab Emirates,2014-09-15
1147,South Sudan,Express intent to cooperate,Sudan,2013-09-11
1148,Abdullah Gül,Sign formal agreement,Jack Straw,2005-10-09
1149,Djibouti,Engage in diplomatic cooperation,Yemen,2007-03-11
1150,Abdullah Gül,Consult,Angela Merkel,2005-11-24
1151,Internal Security Operations Command,Consult,Royal Thai Police,2013-02-23
1152,Ministry (Brazil),Discuss by telephone,Cláudio Lembo,2006-05-15
1153,Yemen,Consult,Isaias Afewerki,2010-10-22
1154,Islamic Preacher (Iran),Consult,Iran,2013-09-23
1155,Achmad Sukarno,Engage in negotiation,Lawyer/Attorney (United States),2006-01-24
1156,Fan Changlong,Consult,Chuck Hagel,2014-04-08
1157,Barack Obama,Engage in negotiation,Benjamin Netanyahu,2010-06-24
1158,South Korea,Consult,Japan,2009-04-14
1159,Government (Nigeria),Express intent to cooperate,Citizen (Nigeria),2015-02-26
1160,China,Express intent to engage in diplomatic cooperation (such as policy support),Thailand,2013-11-15
1161,Citizen (Zambia),Express intent to cooperate,Guy Scott,2014-12-20
1162,Benazir Bhutto,fight with small arms and light weapons,Benazir Bhutto,2007-12-31
1163,Senate (Romania),Consult,Legislature (Romania),2015-11-16
1164,Cabinet / Council of Ministers / Advisors (United States),Consult,Benjamin Netanyahu,2013-12-19
1165,Cambodia,Express intent to cooperate,Vietnam,2007-04-10
1166,Ma Ying Jeou,Consult,Ed Royce,2015-03-13
1167,Vietnam,Express intent to cooperate,Laos,2007-07-11
1168,Shaukat Aziz,Express intent to cooperate,Pervez Musharraf,2005-07-30
1169,Citizen (Singapore),Express intent to meet or negotiate,Government Affiliated Bank (Singapore),2006-09-08
1170,Iran,Engage in diplomatic cooperation,Kuwait,2014-11-27
1171,Laos,Express intent to cooperate,Vietnam,2007-07-11
1172,Separatist (India),fight with small arms and light weapons,Military Personnel - Special (India),2015-09-10
1173,Cambodia,Consult,Thailand,2008-08-02
1174,Legislature (Romania),Express intent to meet or negotiate,Foreign Affairs (Romania),2006-08-29
1175,Government (Nigeria),Make an appeal or request,Citizen (Nigeria),2011-07-04
1176,Joanne Liu,Discuss by telephone,Barack Obama,2015-10-08
1177,China,Engage in diplomatic cooperation,France,2005-05-03
1178,Straits Exchange Foundation,Consult,China,2008-06-13
1179,South Korea,Express intent to cooperate,China,2007-09-14
1180,Laos,Express intent to cooperate,Vietnam,2009-07-04
1181,Police (Philippines),Make statement,City Mayor (Philippines),2006-01-11
1182,Chung Sye Kyun,Consult,Democratic Party,2010-11-03
1183,Pervez Musharraf,Consult,Head of Government (Pakistan),2006-11-11
1184,France,Engage in diplomatic cooperation,Romania,2014-02-07
1185,Foreign Affairs (Argentina),Consult,Foreign Affairs (Israel),2013-01-29
1186,Iran,Consult,Islamic Preacher (Iran),2013-09-23
1187,Japan,Consult,Vietnam,2005-12-02
1188,Mahmoud Abbas,Consult,Barack Obama,2012-03-20
1189,Thailand,Express intent to cooperate,Cambodia,2014-06-17
1190,Government (Nigeria),Make an appeal or request,Citizen (Nigeria),2015-07-16
1191,Saud bin Faisal bin Abdul-Aziz,Consult,Foreign Affairs (Singapore),2007-09-27
1192,Manuel Villar,Consult,Human Rights Watch,2010-04-26
1193,Laos,Consult,Thailand,2012-07-01
1194,Mahmoud Ahmadinejad,Discuss by telephone,Dmitry Anatolyevich Medvedev,2012-02-22
1195,France,Express intent to engage in diplomatic cooperation (such as policy support),Citizen (Greece),2015-06-02
1196,Malaysia,Express intent to cooperate,Japan,2015-05-25
1197,Iraq,Engage in diplomatic cooperation,Iran,2014-02-19
1198,Catherine Ashton,Engage in negotiation,Benjamin Netanyahu,2010-10-01
1199,Prachanda,Consult,Minister Nemwang,2007-10-26
1200,Kuwait,Sign formal agreement,Vietnam,2007-05-23
1201,Thailand,Express intent to engage in diplomatic cooperation (such as policy support),China,2013-11-15
1202,Lawmaker (Japan),Make statement,Government Official (Japan),2007-01-16
1203,National Democratic Party,Sign formal agreement,Main Opposition (Egypt),2010-03-15
1204,Japan,Express intent to meet or negotiate,Mexico,2005-04-13
1205,Royal Administration (Saudi Arabia),Consult,Iraq,2006-10-14
1206,Vietnam,Sign formal agreement,South Korea,2006-06-21
1207,Cambodia,Express intent to cooperate,Laos,2008-06-12
1208,Laos,Sign formal agreement,Vietnam,2007-07-10
1209,Michael Sata,Consult,Archbishop (Zambia),2012-08-10
1210,Colombia,Sign formal agreement,South Korea,2012-07-16
1211,Head of Government (India),Consult,Abdel Fattah Al-Sisi,2015-10-03
1212,Sudan,Engage in diplomatic cooperation,China,2013-03-04
1213,Thailand,Sign formal agreement,Qatar,2010-05-13
1214,Sudan,Express intent to cooperate on intelligence,Vietnam,2010-11-04
1215,Head of Government (South Korea),Consult,Yasuo Fukuda,2008-04-21
